AS199318:
AS32066:abuse@jpmchase.com,tony.l.peterson@jpmchase.com
AS35629:
AS56886:
AS54419:netadmin@ravecinemas.com
AS53912:bob.Matteson@guggenheimpartners.com
AS25897:ipadmin@serverbeach.com,abuse@serverbeach.com
AS7399:jbou@CANCUN.COM.MX
AS47603:
AS35725:
AS27341:rschwartz@gfnet.com
AS11411:eramirez@TOURNET.COM.AR
AS59561:
AS769:disa.columbus.ns.mbx.hostmaster-dod-nic@mail.mil,disa.columbus.ns.mbx.arin-registrations@mail.mil
AS54194:noc@platcom.ca
AS1202:abuse@nasa.gov,noc@nisn.nas,ipam@nasa.gov,Ralph.Bischof@nasa.gov
AS12994:
AS34270:
AS55335:guolizhao@koolsee.com
AS19698:abuse@xo.net,ipadmin@eng.xo.co
AS7405:bwatson@genuity.net
AS198010:
AS38294:support@sevrerworks.co.nz
AS199418:
AS10221:eddy.hartono@cwo.net.au,ipadmin@optus.net.au,abuse@optus.net.au,hostmaster@optus.net.au,louise.howard@optus.com.au,EddyH@NAC.opt
AS53515:bcurtin@amtelco.com
AS46964:network@broadinstitute.org
AS34747:
AS54570:goc@emc-corp.net,poc@emc-corp.net,abuse@emc-corp.net
AS31532:
AS47166:
AS46578:arin@rfa.com
AS50549:
AS38068:support@rightserve.com.au,info@rightserve.com.au
AS14126:ne@marchex.com
AS40945:sat@sat.dm
AS23338:abuse@dcsmanage.com,arin@dcsmanage.com
AS44068:
AS48616:
AS3994:nabil@teleport.com
AS32696:noc@tristatevoicedata.com,abuse@tristatevoicedata.com,dpereira@affiliatedtech.com
AS199318:
AS32066:abuse@jpmchase.com,benjamin.croswell@jpmchase.com
AS35629:
AS56886:
AS54419:netadmin@ravecinemas.com
AS53912:bob_matteson@yahoo.com
AS25897:abuse@serverbeach.com,ipadmin@serverbeach.com
AS7399:jbou@CANCUN.COM.MX
AS47603:
AS35725:
AS27341:rschwartz@gfnet.com
AS11411:eramirez@TOURNET.COM.AR
AS59561:
AS769:disa.columbus.ns.mbx.hostmaster-dod-nic@mail.mil,disa.columbus.ns.mbx.arin-registrations@mail.mil
AS54194:noc@platcom.ca
AS1202:noc@nisn.nas,abuse@nasa.gov,dns.support@nasa.gov,ipam@nasa.gov
AS12994:
AS34270:
AS55335:guolizhao@koolsee.com
AS19698:abuse@xo.net,ipadmin@eng.xo.co
AS7405:bwatson@genuity.net
AS198010:
AS38294:support@sevrerworks.co.nz
AS199418:
AS10221:eddy.hartono@cwo.net.au,ipadmin@optus.net.au,abuse@optus.net.au,hostmaster@optus.net.au,louise.howard@optus.com.au,EddyH@NAC.opt
AS53515:bcurtin@amtelco.com
AS46964:network@broadinstitute.org
AS34747:
AS54570:goc@emc-corp.net,poc@emc-corp.net,abuse@emc-corp.net
AS31532:
AS47166:
AS46578:arin@rfa.com
AS50549:
AS38068:support@rightserve.com.au,info@rightserve.com.au
AS14126:ne@marchex.com
AS40945:sat@sat.dm
AS23338:abuse@dcsmanage.com,arin@dcsmanage.com
AS44068:
AS48616:
AS3994:nabil@teleport.com
AS32696:noc@tristatevoicedata.com,dpereira@affiliatedtech.com,abuse@tristatevoicedata.com
AS199318:
AS32066:abuse@jpmchase.com,tony.l.peterson@jpmchase.com
AS35629:
AS56886:
AS54419:netadmin@ravecinemas.com
AS53912:bob.Matteson@guggenheimpartners.com
AS25897:abuse@serverbeach.com,ipadmin@serverbeach.com
AS7399:
AS47603:
AS35725:
AS27341:rschwartz@gfnet.com
AS11411:
AS59561:
AS769:disa.columbus.ns.mbx.arin-registrations@mail.mil,disa.columbus.ns.mbx.hostmaster-dod-nic@mail.mil
AS54194:noc@platcom.ca
AS1202:noc@nisn.nas,Ralph.Bischof@nasa.gov,ipam@nasa.gov,abuse@nasa.gov
AS12994:
AS34270:
AS55335:guolizhao@koolsee.com
AS19698:abuse@xo.net,ipadmin@eng.xo.co
AS7405:bwatson@genuity.net
AS198010:
AS38294:support@sevrerworks.co.nz
AS199418:
AS10221:eddy.hartono@cwo.net.au,ipadmin@optus.net.au,abuse@optus.net.au,hostmaster@optus.net.au,louise.howard@optus.com.au,EddyH@NAC.opt
AS53515:bcurtin@amtelco.com
AS46964:network@broadinstitute.org
AS34747:
AS54570:goc@emc-corp.net,poc@emc-corp.net,abuse@emc-corp.net
AS31532:
AS47166:
AS46578:arin@rfa.com
AS50549:
AS38068:support@rightserve.com.au,info@rightserve.com.au
AS14126:ne@marchex.com
AS40945:sat@sat.dm
AS23338:arin@dcsmanage.com,abuse@dcsmanage.com
AS44068:
AS48616:
AS3994:nabil@teleport.com
AS32696:abuse@tristatevoicedata.com,dpereira@affiliatedtech.com,noc@tristatevoicedata.com
AS29330:
AS23494:michael_sanner@hcsc.net
AS24073:sysadmin@world.net,ernst@world.net,abuse@world.net,sherman.chan@world.net
AS24685:
AS15096:snoble@sonn.com
AS40384:abuse@zscaler.com,z-netops@zscaler.com,bill@zscaler.com
AS198649:
AS32298:henry@americanapparel.net
AS26932:info@bravotelecom.com
AS28743:
AS10027:servicedesk@au.Ver,Gavin.Longmuir@au.Ver
AS3828:nic@cirrus.com
AS197933:
AS14286:
AS32778:nocadmin@smartcity.com,klibby@smartcity.com,mkulig@smartcity.com
AS50555:
AS3270:
AS26145:abuse@paulbunyan.net
AS14268:hostmaster@ncsl.ca
AS31992:abuse@oricom.ca,arin-admin@oricom.ca
AS14873:infosecurity@atb.com
AS31815:dnsadmin@mediatemple.net,abuse@mediatemple.net
AS43535:
AS31210:
AS1480:disa.columbus.ns.mbx.arin-registrations@mail.mil
AS19591:security@level3.com,noc.coreip@level3.com,ipaddressing@level3.com
AS30461:qmarshall@inetspace.net,amarshall@inetspace.net
AS198621:
AS35798:
AS6215:HOSTMASTER@alto.com
AS24569:net-support@ap.equ,abuse@ap.equ,yong-chuan.tan@ap.equ
AS2228:
AS6369:nicholashippo@yahoo.com
AS61183:
AS43300:
AS32480:bboyko@brent.llu
AS263574:alexandrecotta@uol.com.br,cert@cert.br,mail-abuse@cert.br
AS61265:
AS6237:battlej@groove.com
AS31407:
AS7617:noc@macau.ctm.ne,angus@edu.ctm.ne,losi@macau.ctm.ne
AS37163:patrick@mail-bf.com,drigo@drigo-bf.com
AS30912:
AS47957:
AS25689:William.MatonSotomayor@ssc-spc.gc.ca
AS41797:
AS54187:mabbey@eci.com,wtan@eci.com
AS28994:
AS42414:
AS46919:NetworkMonitorGroup@qrm.com
AS57148:
AS54507:lou@accessgeeks.com
AS20914:
AS32882:cal@adveniat.com,abuse@adveniat.com
AS32689:
AS23327:abuse@acd.net,schoen.kevin@acd.net,allswede.rusty@acd.net,ipadmin@acd.net,noc@acd.net,netops@acd.net
AS131279:sahayod@loxley.co.th
AS13543:
AS198637:
AS198286:
AS45256:dingsy@cndata.com,anti-spam@ns.chi
AS20964:
AS55218:arin@rfa.com
AS262824:cleverson@nsionline.com.br,cert@cert.br,mail-abuse@cert.br
AS31123:
AS198982:
AS52678:thbarrosant@gmail.com,cert@cert.br,mail-abuse@cert.br
AS20132:DomainRegistrations@dynamic.ca
AS60167:
AS57430:
AS13465:arintech@imaginatik.com
AS16094:
AS29996:mark_bradley@aporter.com
AS39147:
AS51238:
AS16941:
AS29994:evan@elhnet.net
AS36704:promig3@mines.edu
AS262556:hrt_network@hrt.com.br,cert@cert.br,mail-abuse@cert.br
AS13220:
AS19913:cio@cynergydata.com
AS58630:rajesh@wasel.af,abuse@wasel.af
AS27434:cpetty@dgit.com,networkengineers@dgfastchannel.com
AS35891:paul@norwoodlight.com
AS17797:routing@connect.com.au,vadim@picknowl.com.au,chris@connect.com.au
AS1635:WSCCARES@hammer.net,vsnyder@hammer.net,rcampling@hammer.net
AS55092:ccampos@sansumclinic.org
AS132829:nevigate-noc@nevigate.net
AS20235:shawn.gentry@mylanlabs.com,richard.boyce@mylan.com
AS19395:burakd@bucks.edu
AS28902:
AS19217:netops@lists.ivy,abuse@lists.ivy,jwhiteak@ivytech.edu
AS57129:
AS20331:bgp4admin@gmacm.com
AS7025:dest@us.dyn
AS11578:abuse@gannett.com,ipadmin@gannett.com,rwright@gannett.com
AS50596:
AS19973:swipper@verizonbusiness.com,abuse-mail@verizonbusiness.com,help4u@verizonbusiness.com
AS4644:peering@concentric.net,repete@concentric.net,dwilson@cncx.com,repete@cncx.com
AS2085:
AS31646:
AS34890:
AS43131:
AS15575:
AS5538:
AS24480:serveralerts@epworth.org.au,Nicholas.Hobbs@epworth.org.au
AS66:disa.columbus.ns.mbx.arin-registrations@mail.mil
AS41970:
AS56605:
AS28832:
AS4778:ipadmin@optus.net.au,abuse@optus.net.au,hostmaster@optus.net.au,louise.howard@optus.com.au
AS22366:
AS33502:noc@sgns.net,sas.abuse@sungard.com,swip@sgns.net
AS59531:
AS46611:gcottrell@clayschools.org
AS19175:wtan@eci.com
AS35022:
AS198455:
AS39273:
AS21957:MARK.SWEETING@1amllc.com,SUPPORT@1amllc.com
AS7926:ML_Network_Operations@fairisaac.com,keithkryzer@fico.com
AS10987:domain@plumcreek.com
AS11120:aray@isysllc.com
AS132349:dharmaiah.suddala@mylan.in
AS28289:registro@americanadigital.com.br,cert@cert.br,mail-abuse@cert.br
AS19520:john@wishvps.com
AS37531:partner.helpdesk@ne.air,moutari.chaibou@ne.air
AS52753:edison@riocable.com.br,cert@cert.br,mail-abuse@cert.br
AS14338:kore_network_engineering@koretelematics.com
AS15998:
AS45268:tanveer.rahman@novotel-bd.com,abuse@novotel-bd.com,tanveer@novotel-bd.com
AS33251:hostmaster@hostedsolutions.com
AS263148:pemuribe@UACAM.MX
AS32753:mponarsk@globeop.com,sstolcz@globeop.com
AS32361:azher@caltech.edu
AS198539:
AS17477:abuse@macquarietelecom.com,hostmaster@intellicentre.net.au,abuse@macquarie.net.au,abuse@intellicentre.net.au,nbojko@macquarietelecom.com,nbojko@macquarie.net.au
AS132541:abuse@adi.hk,stanley@adi.hk
AS56187:lrobert3388@gmail.com,ip@cnisp.org.cn,gaolu@cloudhub.net.cn,linyan@cloudhub.net.cn
AS35774:
AS55106:noc@datacate.com,chris@technicate.com,noc@datacate.net,ip.abuse@datacate.net
AS31420:
AS15839:
AS30652:jhaAdmin@jackhenry.com
AS131323:hostmaster@honda.co.nz,abuse@honda.co.nz
AS6703:
AS35803:
AS54863:networkadministrators@paccoast.com
AS23909:ipadmin@optus.net.au,abuse@optus.net.au,hostmaster@optus.net.au,louise.howard@optus.com.au
AS30705:neteng@teliris.com,david.johnson@teliris.com
AS29590:
AS10665:nisc@sky.net,mjohnson@sky.net
AS55012:campaigns@quios.net,noc@quios.net,max@quios.net
AS42351:
AS26921:support@cybersharks.net,abuse@cybersharks.net,cbradley@cybersharks.net
AS10609:postmaster@televar.com
AS51447:
AS47889:
AS19783:dpantke@appriss.com,it@appriss.com,kbushong@appriss.com
AS12327:
AS42934:
AS35207:
AS62226:
AS16248:
AS56618:
AS43104:
AS32463:netadmin@caremedic.com
AS41651:
AS196622:
AS39266:
AS12666:
AS15458:
AS46659:Tim.connaughton@proiris.com
AS29799:bob_matteson@yahoo.com
AS20775:
AS54429:greg@wavefrontac.com
AS21330:
AS48501:
AS36650:steve.schmitt@tela.com,abuse@nextera.net
AS41637:
AS12203:jcarey@astoriafederal.com
AS12719:
AS31386:
AS44460:
AS198430:
AS4379:disa.columbus.ns.mbx.arin-registrations@mail.mil,disa.columbus.ns.mbx.hostmaster-dod-nic@mail.mil
AS42427:
AS14245:george.bueno@sega.com
AS19336:ARINtech@blainsupply.com,ARINadmin@blainsupply.com
AS37416:amark@vermarkng.com,online@vermark.com
AS132389:support@btelecom.com.au
AS22118:pshegunshi@pjr.com
AS8422:
AS51925:
AS12129:abuse@123.net,rpd@123.net,jnowlan@123.net
AS45696:hostmaster@idnic.net,admin@apjii.or.id,abuse@apjii.or.id,support@apjii.or.id,hostmaster@apjii.or.id,arief.kurniawan@ppatk.go.id
AS53868:itsupport@provair.com
AS50748:
AS11918:steve.wujek@aexp.com,Serve-Net-Registrations@aexp.com
AS131163:noc@inet.co.th
AS43148:
AS17903:connect@chn.cog,abuse@cognizant.com,connect@cognizant.com,vijayasankar.kailasanathan@cognizant.com
AS51076:
AS43099:
AS20570:
AS20128:toc@in2.net,noc@in2.net
AS14130:
AS32167:systems@ohpp.com,dlennon@ohpp.com
AS22697:kpile@foxgal.com,mhonza@foxgal.com
AS19125:Help.Desk@rockfordcorp.com,chris.duffy@rockfordcorp.com
AS44627:
AS47375:
AS199339:
AS25452:
AS52202:
AS33854:
AS62816:Ali@netexinc.com
AS26366:matt.cross@ticomix.com,david.achilli@ticomix.com
AS1710:
AS38990:
AS40271:robert.selph@eqistech.com,abuse.poc@eqistech.com,noc.poc@eqistech.com
AS18037:chris@ipera.com.au,abuse@vocus.net,irt@vocus.com.au,hostmaster@vocus.com.au
AS21235:
AS27444:abuse@equinix.com,sbong@equinix.com,vgulevich@equinix.com,noc@equinix.com,louie@equinix.com,pdhillon@equinix.com,cfiske@equinix.com,bbianchi@equinix.com,jnewell@equinix.com,sthoung@equinix.com,jcarrillo@equinix.com
AS51038:
AS40761:
AS60367:
AS11857:aegonnic@aegonusa.com
AS54244:netops@icsolutions.com
AS50058:
AS34666:
AS22249:dnaughton@maxell.com,pvinci@vinciconsulting.com
AS38557:sekhar.lakkoju@intelligroup.com,iga-nws@intelligroup.com,Someswara.Reddy@nttdata.com
AS32412:
AS52101:
AS22829:
AS22368:
AS36096:geof.newton@infor.com
AS48998:
AS45803:sutherlandd@dnb.com.au
AS38571:star_broadband@yahoo.com
AS33253:office@ouraynet.com
AS30674:Scott_Day@Baylor.edu,BOB_HARTLAND@baylor.edu,Jon_Allen@baylor.edu
AS33997:
AS34978:
AS17351:abuse@vampcommunications.com,noc@vampcommunications.com
AS199245:
AS19769:brian.dymon@capitalone.com
AS28371:descobar@GUANAJUATO.GOB.MX
AS54619:jwalker@ghcscw.com
AS55157:wayne.bayley@colliers.com
AS41473:
AS25356:
AS53884:support@enteracloud.com
AS49554:
AS49421:
AS28599:registro@italnet.com.br,cert@cert.br,mail-abuse@cert.br
AS54459:inet@tgsmc.com
AS43316:
AS17372:hostmaster@bmo.com
AS60835:
AS21059:
AS25470:
AS21044:
AS30162:noc@ethoplex.com,admin@ethoplex.com
AS9260:ip.noc@multinet.com.pk,abduls@multinet.com.pk,abuse@multinet.com.pk,info@multi.net.pk,ip.core@multinet.com.pk
AS1724:
AS30474:
AS37426:kayode.alawonde@amcon.com.ng,ojodale.achor@amcon.com.ng
AS15930:
AS54557:wgoddin@bit9.com,wsuarez@bit9.com
AS51744:
AS22795:abuse@about.com,rbrathwaite@about.com,networkengineering@about.com
AS61004:
AS263662:marcomcpap@gmail.com,cert@cert.br,mail-abuse@cert.br
AS48978:
AS197893:
AS43724:
AS31401:
AS56890:
AS19589:allen.cabrera@leesburgflorida.gov
AS198784:
AS25342:
AS36222:bruce.munro@windwave.tc
AS18917:POC@rheem.com
AS3115:tbergsma@dsmnet.com
AS30612:abuse@eaglecom.net,domain@eaglecom.net
AS55431:daniel.malic@phcolo.com,judith@phcolo.com
AS57836:
AS48621:
AS57226:
AS43883:
AS37345:contact@medallioncom.com,innamani@medallioncom.com,iadirika@medallioncom.com
AS132585:abuse@imsbiz.com,wilson.cheung@pccw.com
AS27894:pdagfal@JUS.MEN
AS43700:
AS15356:pchiccino@thebancorp.com
AS3114:marshall.deberry@usdoj.gov,clong@crt.doj.go
AS17397:hostmaster@optimalpayments.com
AS56995:
AS4529:rishelpdesk@ris.lan,DNSsupport@ris.lan,admin@ris.lan
AS45036:
AS22165:d_futros@ducks.ca,d_bonas@ducks.ca
AS1272:
AS29558:
AS46804:netops@immedion.com,abuse@immedion.com,hostmaster@jellyfishnetworks.com
AS11829:hostmaster@cadence.com
AS24641:
AS132122:abchandola@gmail.com
AS13433:ted.savas@coxinc.com,domaintech@coxinc.com
AS132149:noc@fastcom.co.nz
AS1967:
AS199495:
AS21984:DataSecurity@fcps.edu
AS48365:
AS7649:netadmin@nap.net.tw,cp.lin@nap.net.tw,cp.lin@savecom.net.tw,hclee@nap.net.tw
AS30177:NetworkMonitor@ArthroCare.com
AS7887:jdougherty@cuyahoga.lib.oh
AS22268:scheesman@level365.com,noc@level365.com
AS8014:monte@batelnet.bs
AS197481:
AS19318:ABUSE@NJIIX.net,gregg@njiix.net
AS21424:
AS1777:hostmaster@sxu.edu
AS22176:rblass@pcibuf.com,GMATWIJKOW@pcibuf.com
AS17068:mwilson@omig.com,mcoe@omig.com
AS34044:
AS26372:stewart@vtinfo.com
AS12104:home.sys-net-address.423V00@statefarm.com
AS55059:mike.titus@cpii.com
AS48789:
AS29269:
AS13815:wtan@eci.com
AS18251:hostmaster@idnic.net,abuse@idnic.net,admin@apjii.or.id,abuse@apjii.or.id,support@apjii.or.id,hostmaster@apjii.or.id
AS38717:jose@taticorp.net,mis@taticorp.net,leo@taticorp.net
AS56587:
AS51350:
AS15880:
AS57267:
AS49427:
AS47569:
AS12500:
AS19995:dwchivers@vsecorp.com
AS7244:DNS@alameda.net
AS200018:
AS32640:netspt@rkollp.com
AS31723:
AS197891:
AS13184:
AS26067:IP-ADMIN@wmg-is.com
AS18584:j.wysocki@corpak.com
AS262753:roney@ntc.net.br,hostmaster@vocetelecom.vc,cert@cert.br,mail-abuse@cert.br
AS22010:
AS16974:support@sunwave.net,admin@sunwave.net
AS197179:
AS132394:isp@mikeit.com.au,abuse@mikeit.com.au
AS44518:
AS40522:karl@simplesignal.com
AS199186:
AS51564:
AS37631:fsoweid@vivacell.com,sayele@vivacell.com
AS58742:domains@affinityid.co.nz,abuse@affinityid.co.nz
AS132849:pokpong@inet.co.th
AS13542:terry.lacher@fiserv.com
AS32910:cdc_network_team@concentra.com
AS263631:leopiri@gmail.com,novavialink@gmail.com,cert@cert.br,mail-abuse@cert.br
AS43613:
AS197976:
AS40359:domains@mcglamry.net
AS28662:suporte@sascar.com.br,cert@cert.br,mail-abuse@cert.br
AS32034:christian.vivas@newcominternational.com
AS16964:abuse@att.net,ipadmin-sbis@sbcis.sbc.co,ipadmin@att.com
AS16710:srdroppers@pbs.org
AS19448:arin-contact@google.com,abuse@googlefiber.net
AS59619:
AS132211:noc@fxcorperate.com
AS18909:ipadmin@gannett.com
AS196862:
AS43018:
AS58029:
AS2100:
AS199049:
AS3494:Michael.Abbott@ins.com,robert.johnson@ins.com
AS55439:chat@isc.org,noc@isc.org,abuse@isc.org,jabley@isc.org,paul_vixie@isc.org
AS28858:
AS42268:
AS200010:
AS53434:miles.green@controlgroup.com,networkengineers@controlgroup.com
AS52917:rafael@spacenet.net.br,cert@cert.br,mail-abuse@cert.br
AS35435:
AS35078:
AS2491:adslprov@rogerstelecom.net,noc@rogerstelecom.net,abuse@rogerstelecom.net,abuse@rogers.com,tecpro@rogerstelecom.net
AS393281:dkirk@surfcity-hb.org
AS4490:disa.columbus.ns.mbx.arin-registrations@mail.mil
AS25211:
AS44633:
AS46539:helpdesk@argis.com
AS41554:
AS45446:m.ilyas@kasb.com,khalid@worldtel.net.pk,khalid@wtmeca.net
AS37548:contact@arpce.cg,emile.milandou@arpce.cg,jkg@wambui.mu.ke
AS21393:
AS32403:networkmgmt@heritage.org,mark.harris@heritage.org,jon.saxon@heritage.org,charles.cronmiller@heritage.org
AS36811:tamara.wisdom@wiztech.biz,abuse@wiztech.biz
AS13919:kellie.watts@alliancedata.com,David.Long@alliancedata.com,Mark.Mishler@alliancedata.com,MHAMM@alldata.net
AS46995:rreed@bidz.com
AS38913:
AS50052:
AS49011:
AS11516:gnelsen@esboces.org
AS56230:ip@cnisp.org.cn,daiqingguo@51iker.com,ip@cnisp.cn,guwei@51iker.com
AS47100:noc@witopia.net,abuse@witopia.net,arin@witopia.net
AS24567:angkeabot@gmail.com,mchsokhom@yahoo.com,b4018269@users.bor
AS37314:info@syrex.co.za,accounts@syrex.co.za,bw@syrex.cc,helpdesk@syrex.co.za
AS25426:
AS14566:joe.buczakowski@acs-inc.com
AS39277:
AS15462:
AS12921:
AS197866:
AS38259:jakaria@x-netbd.com,nocadmin@x-netbd.com,nocadmin@xpress.com.bd,khkhan@x-netbd.com
AS53608:admin@cjservis.com
AS40798:wendell@bisonline.com,arin@wallacehardware.com
AS36584:
AS53060:registro@porta80.com.br,cert@cert.br,mail-abuse@cert.br
AS10590:mourn@comcast.net
AS53095:vagnerjunior@gmail.com,cert@cert.br,mail-abuse@cert.br
AS43696:
AS39161:
AS52967:edson@ntbr.com.br,cert@cert.br,mail-abuse@cert.br
AS19068:glen.warn@tommybahama.com,noc@tbahama.com
AS7087:
AS54423:rellis@xandex.com
AS133200:
AS262612:sergiosouza@ipw.com.br,cert@cert.br,mail-abuse@cert.br
AS10278:support@caribsurf.com,kjones@caribsurf.com
AS14791:ipadmin@erfwireless.com,jsealy@isp-tech.net
AS25646:itsupport@tonysfinefoods.com
AS43549:
AS42066:
AS43185:
AS29856:mis_group@acc.com
AS60478:
AS15019:dfedel@zappos.com
AS48104:
AS48271:
AS30280:danc@teachersfcu.org
AS8046:noc@napanet.net,domreg@napanet.net
AS13763:rshum@poyholdings.com
AS36439:cgegner@traxtech.net
AS32000:pkrusky@worldwithoutwire.com
AS7637:jmkosky@vicnet.net.au
AS4842:noc@4842.net.au,ryan.williams@hcct.com.au,abuse@4842.net.au,abuse@integritynet.com.au,richard.mulligan@tastel.com.au
AS27973:fabio.ricci@GND.CR
AS198923:
AS21895:networkservices@nyls.edu
AS5379:
AS16752:paul.savin@ezxinc.com,ussupport@ezxinc.com
AS39287:
AS44994:
AS46627:support@internetsolver.com,abuse@internetsolver.com,djweis@internetsolver.com
AS133150:
AS197928:
AS10990:gmclean@xilogix.net,gb@tulix.com
AS51824:
AS18660:edward.fields@kysu.edu,jwalker@gwmail.kys
AS10541:postmaster@predictive.com
AS36074:michael.nguyen@tmmc.com
AS30164:noc-arin@usa-companies.net
AS18554:NetOps@awardsolutions.com
AS37324:woody@pch.net
AS34791:
AS47387:
AS32244:ipadmin@liquidweb.com,abuse@liquidweb.com
AS11084:internet@hurontel.on.ca,hostmaster@hurontel.on.ca
AS25553:
AS20550:
AS393322:is@veramark.com,nheberle@veramark.com
AS22689:
AS20426:abuse@us.pwc.co,hostmaster@pwc.com,alan.ray@us.pwc
AS198530:
AS50760:
AS37016:pillayi@durban.gov.za,sanjeev.rooplal@za.did,immanuel@durban.gov.za
AS198832:
AS26945:peter.russo@albmolecular.com
AS35612:
AS34578:
AS52041:
AS48079:
AS56509:
AS262701:noc@knowtelecom.com.br,cert@cert.br,mail-abuse@cert.br
AS54043:mmcdaniel@unifiedgrocers.com,snash@unifiedgrocers.com
AS198498:
AS22468:jmaxmail@usa.net
AS32104:darren_v_ramsey@wellmont.org
AS29669:
AS262223:mvelepucha@NETTPLUS.NET
AS55849:820257827@qq.com,ip@cnisp.org.cn
AS30067:sriggins@aacounty.org
AS52557:wisnerdf@gmail.com,cert@cert.br,mail-abuse@cert.br
AS10263:pol@dfwisp.net
AS198755:
AS8674:
AS132395:admin@dst-group.net,mark.eastham@dst-group.com,abuse@dst-group.net
AS14986:tech@myultrahosting.com,abuse@myultrahosting.com,noc@myultrahosting.com
AS37065:abuse@zoomnigeria.com,john.adamu@zoomnigeria.com
AS44062:
AS53657:navit@navilyst.com,abuse@navilyst.com
AS46871:NOC@oaklandcc.edu
AS8599:
AS17124:dgriffith@southark.edu,wtkirk@southark.edu
AS11252:tolmstev@isu.edu,archbran@isu.edu
AS63007:alex.lopez@opsys.com
AS9218:hanz.chen.hk@gmail.com
AS34418:
AS3487:
AS41126:
AS41524:
AS37417:accounts@sonicwireless.co.za,james@sonicwireless.co.za
AS52594:dzieva@gmail.com,cert@cert.br,mail-abuse@cert.br
AS53938:admin@y2kservice.org
AS47309:
AS198526:
AS13817:eciadmin@cantillon.com
AS44082:
AS56701:
AS32485:shoffman@acmoore.com
AS40117:kamyar.goodarzi@valleybaptist.net,nora.campos@valleybaptist.net,Richard.england@valleybaptist.net
AS43446:
AS59393:
AS19847:
AS60349:
AS4411:
AS10779:celli@fcservices.com
AS24017:iscomms@foxtel.com.au,hostmaster@foxtel.com.au,barry.watkins@foxtel.com.au,david.catterall@foxtel.com.au
AS32892:mpickens@detrading.com
AS57130:
AS53510:brian@socialstrata.com
AS20919:
AS11105:hostmast@sfu.ca
AS17448:admin@web.com.ph
AS24904:
AS47493:
AS43405:
AS52184:
AS57676:
AS38214:ipadmin@optus.net.au,abuse@optus.net.au,hostmaster@optus.net.au,louise.howard@optus.com.au
AS56407:
AS58937:abuse@70.hk
AS38263:routing@commander.com,netops@iprimus.com.au
AS41429:
AS18743:cwltech@live.com
AS61302:
AS11820:officeit-bgp@wikimedia.org
AS48971:
AS57398:
AS262501:registro@inetweb.com.br,cert@cert.br,mail-abuse@cert.br
AS13975:shai.balasingham@flagstonere.com,abaldar@flagstonere.bm
AS49978:
AS16840:support@dakotacare.com
AS3760:
AS200011:
AS54846:Charles.Wynn@SegmentWireless.com
AS39514:
AS14336:hostmaster@wagweb.com,vicki@mercatorasset.com
AS42623:
AS30548:arin-noc@arubanetworks.com,arin-abuse@arubanetworks.com,choppe@arubanetworks.com,arin-tech@arubanetworks.com
AS25264:
AS42759:
AS9584:maxy@diyixian.com,manlap@diyixian.com
AS14122:
AS22105:abuse@primesignal.com,noc@primesignal.com,peters@primesignal.com
AS27880:mdelnido@ATENTOCHILE.CL
AS198214:
AS29332:
AS20439:tech@intuit.com,nadmin@intuit.com,iocteam@intuit.com
AS13605:help@mema.sta
AS16635:ryan@other-world.com
AS35225:
AS2629:disa.columbus.ns.mbx.arin-registrations@mail.mil,disa.columbus.ns.mbx.hostmaster-dod-nic@mail.mil
AS262313:suporte@noroestenet.com.br,cert@cert.br,mail-abuse@cert.br
AS196704:
AS3324:
AS41668:
AS38876:domain_admin@avivagroup.com.au,Domain_Admin@avivagroup.com.au,gerard.sexton@avivagroup.com.au
AS50410:
AS41648:
AS11835:
AS8365:
AS21828:rogers@tcoe.org
AS15416:
AS39427:
AS39974:noc@skynap.net,abuse@skynap.net
AS196625:
AS52620:herbert.jesus@uol.com.br,cert@cert.br,mail-abuse@cert.br
AS27730:naneise@BANCOFRANCES.COM.AR
AS34895:
AS30214:netops@ironport.com,network-abuse@ironport.com,owen@delong.com
AS62363:
AS58335:
AS11493:dnsadmin@hcso.tam,dgilbert@hcso.tam
AS27924:calvin.george@360COMMUNICATIONS.BIZ
AS44054:
AS262200:suscripciones@BANCOREGIONAL.COM.PY
AS21526:cpeterson@imergentinc.com
AS23728:abuse@rp.edu.sg,NOC@rp.edu.sg,michael_pozon@rp.edu.sg,noc@rp.edu.sg,ABUSE@rp.edu.sg
AS26662:hostmaster@xerox.com
AS28499:ipadmin@NIC.MX
AS53621:lmata@rchsd.org
AS42048:
AS4194:tls@rek.tjl
AS132608:support@mango.com.bd,bushra.tasnim@mango.com.bd,abuse@mango.com.bd,amin.uddin@mango.com.bd
AS36718:dkieu@fugro.com
AS10560:
AS34263:
AS41824:
AS16876:terry.manderson@icann.org,david.soltero@icann.org,david.closson@icann.org,ops@icann.org
AS33030:vdiscipio@wooster.edu
AS1816:net-admin@fsdatanet.net
AS2533:Ken.Mayfield@hou-metro.tex
AS51717:
AS32633:netops@softshare.com
AS32506:gavron@wetwork.net,chris@experiornetworks.com
AS200185:
AS17359:noc@mybrighthouse.com,graylewis@telovations.com,abuse@rr.com,ip-mgmt@mybrighthouse.com,dknight@telovations.com
AS30444:ahersh@ocalafl.org,mruff@ocalafl.org
AS22899:james.feola@uticanational.com
AS7055:kevin@qis.net,abuse@qis.net,noc@qis.net
AS15340:Doug.Blattner@cvi.net
AS40025:bpmidd2@xesse.org
AS4438:bob@neptune.com
AS197568:
AS9930:hostmaster@time.com.my,peering@time.com.my,abuse@time.com.my
AS9104:
AS62220:
AS49021:
AS196678:
AS20304:ipadmin@gannett.com
AS9874:abuse@starhub.com,carlitom@starhub.com,elvin.ew.e@starhub.com
AS28852:
AS2832:
AS7698:jgrant@ne.com.au,ficarra@ne.com.au
AS21983:abuse@auroranetworkingonline.com,noc@auroranetworkingonline.com
AS16519:Randy.Hagan@ucdenver.edu
AS15274:
AS16227:
AS29399:
AS17396:craig.fields@amnexus.com
AS16288:
AS50152:
AS40820:karlo.zupan@vankam.com
AS17634:domaster@loxinfo.co.th,ip_admin@csloxinfo.net,domaster@csloxinfo.net
AS49068:
AS52835:renatot@rappbrasil.com.br,cert@cert.br,mail-abuse@cert.br
AS15878:
AS16697:noc@gocolumbiamo.com
AS6081:adoane@w3.net,bengi@bengi.exo
AS58247:
AS54065:jmanley@cardlytics.com
AS49343:
AS23136:abuse@momentum.com,aspdnstech@onx.com
AS62818:justin.hornberger@ssandtech.com
AS18793:curtis@com-pair.net
AS13599:tom_tyson@eisai.com
AS49647:
AS10937:abuse@centennialpr.net,dvega@att.com
AS22178:darnold@occ.pas,axl@legis.sta
AS47083:jbowden@pfgc.com,network@pfgc.com,JCline@pfgc.com
AS211:support@tibex.com
AS18787:noc@danaher.net,bas.jacobs@danaher.com
AS51426:
AS28777:
AS24561:denis.lai@police.wa.go
AS48854:
AS27644:
AS36322:panthoney@stcharlesil.gov
AS16271:
AS60655:
AS131447:idc@armuay.net,waratchai@armuay.net,idc-abuse@armuay.net
AS3689:
AS17433:erarcega@philwebinc.com,anchit@philwebinc.com,fgflora@philwebinc.com
AS48704:
AS197214:
AS198654:
AS42399:
AS24499:idrees.afzal@telenor.com.pk,amir.hussain@telenor.com.pk
AS803:NetworkAnalyst.BCSC@sasktel.sk.ca,abuse@sasktel.net,sasknet.admin@sasktel.sk.ca,reid.henry@sasktel.com
AS131207:meta.s@sigroups.com
AS20236:rmears@beabank.com
AS48442:
AS15843:
AS27218:
AS43948:
AS62490:jm@comintech.us
AS132682:myrugby@rugby.com.au
AS44695:
AS25997:rnorthcutt@omm.com
AS46410:tjn-it-networkchanges@gannett.com
AS30811:
AS22617:taylora@saccourt.ca.go
AS3488:
AS42837:
AS11454:twerth@metzmedical.com,gavinstaats@thisisnoble.com,leonardrevellese@thisisnolble.com
AS198736:
AS28932:
AS26611:iplacnic@COMCEL.COM.CO,Ivan.Pernett@CLARO.COM.CO
AS13997:wjunge@rapiddisplays.com,swclicensing@swc.com
AS8576:
AS17313:IT_Infrastructure@cbegroup.com
AS24484:tsalmen@orcon.net.nz
AS59417:
AS51818:
AS8056:
AS38917:
AS58054:
AS33252:it.networking@basspro.com
AS263658:ricardopi@hotmail.com,cert@cert.br,mail-abuse@cert.br
AS199670:
AS132695:tanveer.rahman@novocom-bd.com
AS1473:disa.columbus.ns.mbx.arin-registrations@mail.mil
AS56584:
AS197472:
AS37307:jodhingo@agra-alliance.org,skisonzo@agra-alliance.org,amaina@agra.org,skisonzo@agra.org
AS19264:support@esedona.net,abuse@esedona.net
AS42208:
AS28045:admin@PANTELCOM.COM
AS7155:Peter.Chiou@viasat.com,wildblueabuse@viasat.com,Nathaniel.Todd@viasat.com,wildbluenoc@viasat.com
AS262780:mcouto@nowtech.com.br,cert@cert.br,mail-abuse@cert.br
AS11838:lgurley@flocorp.com
AS56492:
AS7780:abuse@rogers.com,tecpro@rogerstelecom.net,noc@rogerstelecom.net,abuse@rogerstelecom.net,dsl.ip@rogerstelecom.net
AS7030:dpieper@exwire.com,abuse@exwire.com,support@exwire.com
AS16431:bob.gelety@clarkconstruction.com,pfeul@clarkus.com
AS3972:ABUSE@SPRINT.NET,ip-req@sprint.net,ipsa.noc@sprint.com
AS58779:abuse@i4hk.com,info@i4hk.com
AS34439:
AS198080:
AS25422:
AS39226:
AS51477:
AS10425:daz@emswifi.com
AS22614:jnguyen@crpud.org
AS7935:jlynnsh@igctel.com
AS34703:
AS27632:netadmin@tractorsupply.com
AS33995:
AS6484:khatfield@socllc.net,abuse@socllc.net
AS6400:
AS50883:
AS31575:
AS22434:Mark.theobald@harlandfs.com
AS25338:
AS37583:ayman.louis@ca-egypt.com,Maged.tammam@ca-egypt.com
AS199649:
AS11357:abuse@infoquest.com,support@infoquest.com,lmelhorn@infoquest.com
AS25895:
AS58796:info@wit.net.my
AS26549:support@flatplanetphone.com,abuse@flatplanetphone.com,noc@flatplanetphone.com
AS29219:
AS31270:
AS33025:robertshutt@quinnemanuel.com,support@perivue.com
AS20505:
AS42700:
AS49697:
AS4573:julius@mnl.seq
AS53980:ops@mypublisher.com
AS55876:DAVIDF@EFTEX.COM.AU
AS14526:aitne@clarisnetworks.com,dstilwill@clarisnetworks.com
AS5075:mmueller@attmail.com
AS14712:abuse@onesc.net,netops@onesc.net,hostmaster@onestep.net
AS2282:
AS36068:arin.noc@radialpoint.com,arin.tech@radialpoint.com,arin.abuse@radialpoint.com
AS35257:
AS13636:sanjay@nec-labs.com
AS26292:abuse-mail@townisp.com,arin-tech@townisp.com,sdorsey@ci.shr
AS21731:network_management@homedics.com
AS22797:lhamilton@teainc.org
AS28643:meira@fonar.com.br,cert@cert.br,mail-abuse@cert.br
AS23054:arin-admin@skybeam.com,abuse@skybeam.com,bplimpton@jabbroadband.com
AS198715:
AS2343:
AS48306:
AS11539:italerts@liaison.com
AS29403:
AS53829:lorenzo.piccioli@ctv.ca
AS11230:noc@mhsfl.net
AS52473:administrador@COTEA.COM.AR
AS198435:
AS44422:
AS53874:mahmood@cytel.com
AS32461:arin.tech@labspace.com
AS53444:z-netops@zscaler.com,abuse@zscaler.com,bill@zscaler.com
AS55118:lservello@valuedrugco.com
AS61361:
AS198479:
AS8661:
AS46568:domadmin@hormel.com,kloldenkamp@hormel.com,sjholtorf@hormel.com
AS61338:
AS37492:sami.elloumi@orangetunisie.tn,fethi.miled@orangetunisie.tn,marouen.hamza@orangetunisie.tn,wassim.Feki@orangetunisie.tn
AS197925:
AS35975:noc@pranasystems.com,bgoldman@pranasystems.com
AS12460:
AS1646:security@americanbus.com,brichter@americanbus.com,pbarsness@americanbus.com
AS2330:
AS48763:
AS15891:
AS26763:dgreen@dart.org
AS27778:ipadmin@NET2NET.COM.PA
AS50587:
AS44647:
AS41290:
AS17183:abuse@rapidvps.com,sean@rapidvps.com
AS49309:
AS40208:j.m.patterson@gmail.com
AS29980:abuse@newwavecomm.net,it@newwavecom.com
AS29621:
AS262212:juancarlos.proanio@EPN.EDU.EC
AS49512:
AS52222:
AS56451:
AS20931:
AS10818:fulladm@fullnet.net,swipmaster@fullnet.net
AS60330:
AS31574:
AS39654:
AS55194:abuse@bgsu.edu,domain-contact@bgsu.edu
AS44152:
AS262410:tsantoli@santoli.com.br,cert@cert.br,mail-abuse@cert.br
AS262342:contato@macaubasnet.com.br,cert@cert.br,mail-abuse@cert.br
AS20270:arin@rfa.com
AS52961:registro@grupoeouro.com.br,cert@cert.br,mail-abuse@cert.br
AS49561:
AS50204:
AS53650:ipadmin@lpsvcs.com
AS46703:ipadmin@softlayer.com,abuse@softlayer.com
AS33331:chays@firstam.com,mphillips@firstam.com
AS18495:netplan@novanthealth.org
AS61284:
AS56863:
AS31682:
AS10331:
AS56366:
AS46191:ipeng@globalinx.com
AS60809:
AS199574:
AS45841:rajkumar.lodh@nivyah.com,suresh.naidu@nivyah.com,kavita@nivyah.com,noc@nivyah.com,rajiv.malekar@p4networks.com
AS132736:ethan.hurst@vividnetworks.co.nz,warren.hurst@vividnetworks.co.nz
AS11401:abuse@enventis.com,hostmaster@enventis.com,noc@enventis.com
AS196714:
AS50156:
AS17186:bjdreyer@dstsystems.com,abuse@dstsystems.com
AS263623:raphael@onesistemas.com.br,cert@cert.br,mail-abuse@cert.br
AS14448:networks@highpoint.edu,abuse@highpoint.edu
AS52154:
AS49714:
AS199042:
AS263477:idc@oxxygen.com.br,cert@cert.br,mail-abuse@cert.br
AS23966:hostmaster@link.net.pk,shiraz.malik@pk.lin,noc@pk.lin,abuse@link.net.pk,faisal.hamid@pk.lin,imtiaz.sajid@pk.lin,imtiaz.sajid@Mobilink.net
AS14215:colo.nsd@sabre.com
AS55197:austin.wehe@corebrands.com
AS6932:jhally@ebscohost.com
AS23421:abuse@ezzi.net,adhoon@coreitx.com,dfong@accessitx.com
AS1662:abuse-mail@verizonbusiness.com,swipper@verizonbusiness.com,help4u@verizonbusiness.com
AS36741:dmead@flyfrontier.com
AS40386:hostmaster@globalsystemsconsulting.com
AS18862:heather.knisley@omnicare.com,networkmanager@omnicare.com
AS10685:noc@a5.com,abuse@a5.com
AS4222:dmm@antc.uor
AS197323:
AS10799:chendric@swconnect.net
AS33706:achinchilla@globalcsinc.com,support@globalcsinc.com
AS62429:
AS56271:aushd@ebgames.com
AS31586:
AS133127:
AS9823:ic.network@pearson.com,troy.flake@pearson.com,jeanmanuel.becker@pearson.com
AS39453:
AS41226:
AS34684:
AS57858:
AS36153:john.bloodworth@avocent.com
AS32248:
AS35558:
AS197615:
AS56038:support@rackcorp.com,admin-network@rackcorp.com,abuse@rackcorp.com
AS53783:techserv@duraserver.com,abuse@duraserver.net
AS6665:
AS12971:
AS42751:
AS54131:anthony.powell@avmax.ca
AS43804:
AS56098:hostmaster@unico.com.au,abuse@unico.com.au
AS58186:
AS11381:clint@newfrontierssolutions.com
AS22333:jaypike@dataconstructs.com
AS393291:
AS43559:
AS58065:
AS13062:
AS29952:asherman@xvand.com
AS38335:ipas@cnnic.cn,ipas@cnnic.net.cn,xjjvox@yahoo.cn
AS23875:henry.ts.yang@hkcsl.com,dkhchan@nwmobile.com,rogerchung@wafersystems.com
AS1767:noc@ilight.net,jlomonac@grnoc.iu.ed,wtjohnso@grnoc.iu.ed
AS36152:brad.spilde@daktronics.com
AS196679:
AS32191:gilles.masse@viterra.com,kelly.walter@viterra.ca
AS42919:
AS133025:network-ops@inmobi.com
AS54588:abuse@equinix.com,noc@equinix.com,jnewell@equinix.com,louie@equinix.com,pdhillon@equinix.com,jcarrillo@equinix.com,cfiske@equinix.com,support@equinix.com,sbong@equinix.com,sthoung@equinix.com,bbianchi@equinix.com,vgulevich@equinix.com
AS28953:
AS14590:arinadmin@desertschools.org,ipadmin@desertschools.org
AS42127:
AS42857:
AS36010:tburke@rbfcu.org,abuse@rbfcu.org
AS52280:adminred@INTERNEXA.COM
AS10785:
AS38989:
AS49819:
AS19528:russ.kula@netriver.net,abuse@netriver.net,noc@netriver.net
AS15966:
AS14610:matt@integral.com,admin@integral.com
AS199556:
AS8554:
AS52827:leonardodias@gmx.com,cert@cert.br,mail-abuse@cert.br
AS50686:
AS198043:
AS19714:
AS52780:administrativo@maptelecom.net.br,cert@cert.br,mail-abuse@cert.br
AS28616:bernardo@pbh.gov.br,HALDLEY@pbh.gov.br,cert@cert.br,mail-abuse@cert.br
AS20937:
AS45234:jaya.tharmapalan@autodesk.com
AS11511:networkadmin@cretecarrier.com
AS23201:
AS60703:
AS39665:
AS51960:
AS18063:david.hill@hostcentral.net.au,abuse@as24220.net
AS38793:peterharrison@2degreesmobile.co.nz,Abuse@2degreesmobile.co.nz,peterharrison@nzcomms.co.nz
AS37438:dns-admin@gijima.com,networks_nsis@gijima.com,corne.herbst@gijima.com
AS33468:smayberry@locknet-inc.com
AS17033:
AS197734:
AS22540:tuxmaster@vaisala.com
AS41458:
AS36428:gordon@cybertimenetwork.com

